Category,Question,Answer
Technology,What is Artificial Intelligence?,AI refers to the simulation of human intelligence in machines.
Technology,What is Machine Learning?,Machine Learning is a subset of AI that enables systems to learn from data.
Technology,What is a Cloud Server?,A cloud server is a virtual server hosted on a cloud computing platform.
Technology,What is an API?,"API stands for Application Programming Interface, which allows software to communicate."
Technology,What is a VPN?,A VPN (Virtual Private Network) encrypts internet traffic for privacy and security.
Technology,What is Artificial Intelligence?,AI refers to the simulation of human intelligence in machines.
Technology,What is Machine Learning?,Machine Learning is a subset of AI that enables systems to learn from data.
Technology,What is a Cloud Server?,A cloud server is a virtual server hosted on a cloud computing platform.
Technology,What is an API?,"API stands for Application Programming Interface, which allows software to communicate."
Technology,What is a VPN?,A VPN (Virtual Private Network) encrypts internet traffic for privacy and security.
Technology,What is Artificial Intelligence?,AI refers to the simulation of human intelligence in machines.
Technology,What is Machine Learning?,Machine Learning is a subset of AI that enables systems to learn from data.
Technology,What is a Cloud Server?,A cloud server is a virtual server hosted on a cloud computing platform.
Technology,What is an API?,"API stands for Application Programming Interface, which allows software to communicate."
Technology,What is a VPN?,A VPN (Virtual Private Network) encrypts internet traffic for privacy and security.
Technology,What is Artificial Intelligence?,AI refers to the simulation of human intelligence in machines.
Technology,What is Machine Learning?,Machine Learning is a subset of AI that enables systems to learn from data.
Technology,What is a Cloud Server?,A cloud server is a virtual server hosted on a cloud computing platform.
Technology,What is an API?,"API stands for Application Programming Interface, which allows software to communicate."
Technology,What is a VPN?,A VPN (Virtual Private Network) encrypts internet traffic for privacy and security.
Technology,What is Artificial Intelligence?,AI refers to the simulation of human intelligence in machines.
Technology,What is Machine Learning?,Machine Learning is a subset of AI that enables systems to learn from data.
Technology,What is a Cloud Server?,A cloud server is a virtual server hosted on a cloud computing platform.
Technology,What is an API?,"API stands for Application Programming Interface, which allows software to communicate."
Technology,What is a VPN?,A VPN (Virtual Private Network) encrypts internet traffic for privacy and security.
Technology,What is Artificial Intelligence?,AI refers to the simulation of human intelligence in machines.
Technology,What is Machine Learning?,Machine Learning is a subset of AI that enables systems to learn from data.
Technology,What is a Cloud Server?,A cloud server is a virtual server hosted on a cloud computing platform.
Technology,What is an API?,"API stands for Application Programming Interface, which allows software to communicate."
Technology,What is a VPN?,A VPN (Virtual Private Network) encrypts internet traffic for privacy and security.
Technology,What is Artificial Intelligence?,AI refers to the simulation of human intelligence in machines.
Technology,What is Machine Learning?,Machine Learning is a subset of AI that enables systems to learn from data.
Technology,What is a Cloud Server?,A cloud server is a virtual server hosted on a cloud computing platform.
Technology,What is an API?,"API stands for Application Programming Interface, which allows software to communicate."
Technology,What is a VPN?,A VPN (Virtual Private Network) encrypts internet traffic for privacy and security.
Technology,What is Artificial Intelligence?,AI refers to the simulation of human intelligence in machines.
Technology,What is Machine Learning?,Machine Learning is a subset of AI that enables systems to learn from data.
Technology,What is a Cloud Server?,A cloud server is a virtual server hosted on a cloud computing platform.
Technology,What is an API?,"API stands for Application Programming Interface, which allows software to communicate."
Technology,What is a VPN?,A VPN (Virtual Private Network) encrypts internet traffic for privacy and security.
Technology,What is Artificial Intelligence?,AI refers to the simulation of human intelligence in machines.
Technology,What is Machine Learning?,Machine Learning is a subset of AI that enables systems to learn from data.
Technology,What is a Cloud Server?,A cloud server is a virtual server hosted on a cloud computing platform.
Technology,What is an API?,"API stands for Application Programming Interface, which allows software to communicate."
Technology,What is a VPN?,A VPN (Virtual Private Network) encrypts internet traffic for privacy and security.
Technology,What is Artificial Intelligence?,AI refers to the simulation of human intelligence in machines.
Technology,What is Machine Learning?,Machine Learning is a subset of AI that enables systems to learn from data.
Technology,What is a Cloud Server?,A cloud server is a virtual server hosted on a cloud computing platform.
Technology,What is an API?,"API stands for Application Programming Interface, which allows software to communicate."
Technology,What is a VPN?,A VPN (Virtual Private Network) encrypts internet traffic for privacy and security.
Education,How can I improve my memory for studying?,"Use mnemonic techniques, repetition, and visualization."
Education,What is the best way to take notes?,The Cornell method and mind mapping are effective strategies.
Education,How does online learning compare to traditional learning?,"Online learning is flexible, while traditional learning offers face-to-face interaction."
Education,What is a STEM subject?,"STEM stands for Science, Technology, Engineering, and Mathematics."
Education,What are soft skills?,"Soft skills include communication, teamwork, and problem-solving."
Education,How can I improve my memory for studying?,"Use mnemonic techniques, repetition, and visualization."
Education,What is the best way to take notes?,The Cornell method and mind mapping are effective strategies.
Education,How does online learning compare to traditional learning?,"Online learning is flexible, while traditional learning offers face-to-face interaction."
Education,What is a STEM subject?,"STEM stands for Science, Technology, Engineering, and Mathematics."
Education,What are soft skills?,"Soft skills include communication, teamwork, and problem-solving."
Education,How can I improve my memory for studying?,"Use mnemonic techniques, repetition, and visualization."
Education,What is the best way to take notes?,The Cornell method and mind mapping are effective strategies.
Education,How does online learning compare to traditional learning?,"Online learning is flexible, while traditional learning offers face-to-face interaction."
Education,What is a STEM subject?,"STEM stands for Science, Technology, Engineering, and Mathematics."
Education,What are soft skills?,"Soft skills include communication, teamwork, and problem-solving."
Education,How can I improve my memory for studying?,"Use mnemonic techniques, repetition, and visualization."
Education,What is the best way to take notes?,The Cornell method and mind mapping are effective strategies.
Education,How does online learning compare to traditional learning?,"Online learning is flexible, while traditional learning offers face-to-face interaction."
Education,What is a STEM subject?,"STEM stands for Science, Technology, Engineering, and Mathematics."
Education,What are soft skills?,"Soft skills include communication, teamwork, and problem-solving."
Education,How can I improve my memory for studying?,"Use mnemonic techniques, repetition, and visualization."
Education,What is the best way to take notes?,The Cornell method and mind mapping are effective strategies.
Education,How does online learning compare to traditional learning?,"Online learning is flexible, while traditional learning offers face-to-face interaction."
Education,What is a STEM subject?,"STEM stands for Science, Technology, Engineering, and Mathematics."
Education,What are soft skills?,"Soft skills include communication, teamwork, and problem-solving."
Education,How can I improve my memory for studying?,"Use mnemonic techniques, repetition, and visualization."
Education,What is the best way to take notes?,The Cornell method and mind mapping are effective strategies.
Education,How does online learning compare to traditional learning?,"Online learning is flexible, while traditional learning offers face-to-face interaction."
Education,What is a STEM subject?,"STEM stands for Science, Technology, Engineering, and Mathematics."
Education,What are soft skills?,"Soft skills include communication, teamwork, and problem-solving."
Education,How can I improve my memory for studying?,"Use mnemonic techniques, repetition, and visualization."
Education,What is the best way to take notes?,The Cornell method and mind mapping are effective strategies.
Education,How does online learning compare to traditional learning?,"Online learning is flexible, while traditional learning offers face-to-face interaction."
Education,What is a STEM subject?,"STEM stands for Science, Technology, Engineering, and Mathematics."
Education,What are soft skills?,"Soft skills include communication, teamwork, and problem-solving."
Education,How can I improve my memory for studying?,"Use mnemonic techniques, repetition, and visualization."
Education,What is the best way to take notes?,The Cornell method and mind mapping are effective strategies.
Education,How does online learning compare to traditional learning?,"Online learning is flexible, while traditional learning offers face-to-face interaction."
Education,What is a STEM subject?,"STEM stands for Science, Technology, Engineering, and Mathematics."
Education,What are soft skills?,"Soft skills include communication, teamwork, and problem-solving."
Education,How can I improve my memory for studying?,"Use mnemonic techniques, repetition, and visualization."
Education,What is the best way to take notes?,The Cornell method and mind mapping are effective strategies.
Education,How does online learning compare to traditional learning?,"Online learning is flexible, while traditional learning offers face-to-face interaction."
Education,What is a STEM subject?,"STEM stands for Science, Technology, Engineering, and Mathematics."
Education,What are soft skills?,"Soft skills include communication, teamwork, and problem-solving."
Education,How can I improve my memory for studying?,"Use mnemonic techniques, repetition, and visualization."
Education,What is the best way to take notes?,The Cornell method and mind mapping are effective strategies.
Education,How does online learning compare to traditional learning?,"Online learning is flexible, while traditional learning offers face-to-face interaction."
Education,What is a STEM subject?,"STEM stands for Science, Technology, Engineering, and Mathematics."
Education,What are soft skills?,"Soft skills include communication, teamwork, and problem-solving."
Health & Medicine,What are the benefits of daily exercise?,Regular exercise improves cardiovascular health and mental well-being.
Health & Medicine,How much sleep is required for a healthy adult?,Adults should aim for 7-9 hours of sleep per night.
Health & Medicine,What is a balanced diet?,"A balanced diet includes proteins, carbohydrates, and essential nutrients."
Health & Medicine,What is mental health?,Mental health refers to emotional and psychological well-being.
Health & Medicine,What are the symptoms of flu?,"Common symptoms include fever, cough, and fatigue."
Health & Medicine,What are the benefits of daily exercise?,Regular exercise improves cardiovascular health and mental well-being.
Health & Medicine,How much sleep is required for a healthy adult?,Adults should aim for 7-9 hours of sleep per night.
Health & Medicine,What is a balanced diet?,"A balanced diet includes proteins, carbohydrates, and essential nutrients."
Health & Medicine,What is mental health?,Mental health refers to emotional and psychological well-being.
Health & Medicine,What are the symptoms of flu?,"Common symptoms include fever, cough, and fatigue."
Health & Medicine,What are the benefits of daily exercise?,Regular exercise improves cardiovascular health and mental well-being.
Health & Medicine,How much sleep is required for a healthy adult?,Adults should aim for 7-9 hours of sleep per night.
Health & Medicine,What is a balanced diet?,"A balanced diet includes proteins, carbohydrates, and essential nutrients."
Health & Medicine,What is mental health?,Mental health refers to emotional and psychological well-being.
Health & Medicine,What are the symptoms of flu?,"Common symptoms include fever, cough, and fatigue."
Health & Medicine,What are the benefits of daily exercise?,Regular exercise improves cardiovascular health and mental well-being.
Health & Medicine,How much sleep is required for a healthy adult?,Adults should aim for 7-9 hours of sleep per night.
Health & Medicine,What is a balanced diet?,"A balanced diet includes proteins, carbohydrates, and essential nutrients."
Health & Medicine,What is mental health?,Mental health refers to emotional and psychological well-being.
Health & Medicine,What are the symptoms of flu?,"Common symptoms include fever, cough, and fatigue."
Health & Medicine,What are the benefits of daily exercise?,Regular exercise improves cardiovascular health and mental well-being.
Health & Medicine,How much sleep is required for a healthy adult?,Adults should aim for 7-9 hours of sleep per night.
Health & Medicine,What is a balanced diet?,"A balanced diet includes proteins, carbohydrates, and essential nutrients."
Health & Medicine,What is mental health?,Mental health refers to emotional and psychological well-being.
Health & Medicine,What are the symptoms of flu?,"Common symptoms include fever, cough, and fatigue."
Health & Medicine,What are the benefits of daily exercise?,Regular exercise improves cardiovascular health and mental well-being.
Health & Medicine,How much sleep is required for a healthy adult?,Adults should aim for 7-9 hours of sleep per night.
Health & Medicine,What is a balanced diet?,"A balanced diet includes proteins, carbohydrates, and essential nutrients."
Health & Medicine,What is mental health?,Mental health refers to emotional and psychological well-being.
Health & Medicine,What are the symptoms of flu?,"Common symptoms include fever, cough, and fatigue."
Health & Medicine,What are the benefits of daily exercise?,Regular exercise improves cardiovascular health and mental well-being.
Health & Medicine,How much sleep is required for a healthy adult?,Adults should aim for 7-9 hours of sleep per night.
Health & Medicine,What is a balanced diet?,"A balanced diet includes proteins, carbohydrates, and essential nutrients."
Health & Medicine,What is mental health?,Mental health refers to emotional and psychological well-being.
Health & Medicine,What are the symptoms of flu?,"Common symptoms include fever, cough, and fatigue."
Health & Medicine,What are the benefits of daily exercise?,Regular exercise improves cardiovascular health and mental well-being.
Health & Medicine,How much sleep is required for a healthy adult?,Adults should aim for 7-9 hours of sleep per night.
Health & Medicine,What is a balanced diet?,"A balanced diet includes proteins, carbohydrates, and essential nutrients."
Health & Medicine,What is mental health?,Mental health refers to emotional and psychological well-being.
Health & Medicine,What are the symptoms of flu?,"Common symptoms include fever, cough, and fatigue."
Health & Medicine,What are the benefits of daily exercise?,Regular exercise improves cardiovascular health and mental well-being.
Health & Medicine,How much sleep is required for a healthy adult?,Adults should aim for 7-9 hours of sleep per night.
Health & Medicine,What is a balanced diet?,"A balanced diet includes proteins, carbohydrates, and essential nutrients."
Health & Medicine,What is mental health?,Mental health refers to emotional and psychological well-being.
Health & Medicine,What are the symptoms of flu?,"Common symptoms include fever, cough, and fatigue."
Health & Medicine,What are the benefits of daily exercise?,Regular exercise improves cardiovascular health and mental well-being.
Health & Medicine,How much sleep is required for a healthy adult?,Adults should aim for 7-9 hours of sleep per night.
Health & Medicine,What is a balanced diet?,"A balanced diet includes proteins, carbohydrates, and essential nutrients."
Health & Medicine,What is mental health?,Mental health refers to emotional and psychological well-being.
Health & Medicine,What are the symptoms of flu?,"Common symptoms include fever, cough, and fatigue."
Finance & Banking,What is a credit score?,A credit score measures a person's creditworthiness based on past payments.
Finance & Banking,How does compound interest work?,Compound interest is calculated on both the principal and previously earned interest.
Finance & Banking,What is cryptocurrency?,Cryptocurrency is a digital asset secured by cryptographic methods.
Finance & Banking,What are the benefits of an emergency fund?,An emergency fund helps cover unexpected expenses like medical bills.
Finance & Banking,What is inflation?,"Inflation refers to the rise in prices over time, decreasing the value of money."
Finance & Banking,What is a credit score?,A credit score measures a person's creditworthiness based on past payments.
Finance & Banking,How does compound interest work?,Compound interest is calculated on both the principal and previously earned interest.
Finance & Banking,What is cryptocurrency?,Cryptocurrency is a digital asset secured by cryptographic methods.
Finance & Banking,What are the benefits of an emergency fund?,An emergency fund helps cover unexpected expenses like medical bills.
Finance & Banking,What is inflation?,"Inflation refers to the rise in prices over time, decreasing the value of money."
Finance & Banking,What is a credit score?,A credit score measures a person's creditworthiness based on past payments.
Finance & Banking,How does compound interest work?,Compound interest is calculated on both the principal and previously earned interest.
Finance & Banking,What is cryptocurrency?,Cryptocurrency is a digital asset secured by cryptographic methods.
Finance & Banking,What are the benefits of an emergency fund?,An emergency fund helps cover unexpected expenses like medical bills.
Finance & Banking,What is inflation?,"Inflation refers to the rise in prices over time, decreasing the value of money."
Finance & Banking,What is a credit score?,A credit score measures a person's creditworthiness based on past payments.
Finance & Banking,How does compound interest work?,Compound interest is calculated on both the principal and previously earned interest.
Finance & Banking,What is cryptocurrency?,Cryptocurrency is a digital asset secured by cryptographic methods.
Finance & Banking,What are the benefits of an emergency fund?,An emergency fund helps cover unexpected expenses like medical bills.
Finance & Banking,What is inflation?,"Inflation refers to the rise in prices over time, decreasing the value of money."
Finance & Banking,What is a credit score?,A credit score measures a person's creditworthiness based on past payments.
Finance & Banking,How does compound interest work?,Compound interest is calculated on both the principal and previously earned interest.
Finance & Banking,What is cryptocurrency?,Cryptocurrency is a digital asset secured by cryptographic methods.
Finance & Banking,What are the benefits of an emergency fund?,An emergency fund helps cover unexpected expenses like medical bills.
Finance & Banking,What is inflation?,"Inflation refers to the rise in prices over time, decreasing the value of money."
Finance & Banking,What is a credit score?,A credit score measures a person's creditworthiness based on past payments.
Finance & Banking,How does compound interest work?,Compound interest is calculated on both the principal and previously earned interest.
Finance & Banking,What is cryptocurrency?,Cryptocurrency is a digital asset secured by cryptographic methods.
Finance & Banking,What are the benefits of an emergency fund?,An emergency fund helps cover unexpected expenses like medical bills.
Finance & Banking,What is inflation?,"Inflation refers to the rise in prices over time, decreasing the value of money."
Finance & Banking,What is a credit score?,A credit score measures a person's creditworthiness based on past payments.
Finance & Banking,How does compound interest work?,Compound interest is calculated on both the principal and previously earned interest.
Finance & Banking,What is cryptocurrency?,Cryptocurrency is a digital asset secured by cryptographic methods.
Finance & Banking,What are the benefits of an emergency fund?,An emergency fund helps cover unexpected expenses like medical bills.
Finance & Banking,What is inflation?,"Inflation refers to the rise in prices over time, decreasing the value of money."
Finance & Banking,What is a credit score?,A credit score measures a person's creditworthiness based on past payments.
Finance & Banking,How does compound interest work?,Compound interest is calculated on both the principal and previously earned interest.
Finance & Banking,What is cryptocurrency?,Cryptocurrency is a digital asset secured by cryptographic methods.
Finance & Banking,What are the benefits of an emergency fund?,An emergency fund helps cover unexpected expenses like medical bills.
Finance & Banking,What is inflation?,"Inflation refers to the rise in prices over time, decreasing the value of money."
Finance & Banking,What is a credit score?,A credit score measures a person's creditworthiness based on past payments.
Finance & Banking,How does compound interest work?,Compound interest is calculated on both the principal and previously earned interest.
Finance & Banking,What is cryptocurrency?,Cryptocurrency is a digital asset secured by cryptographic methods.
Finance & Banking,What are the benefits of an emergency fund?,An emergency fund helps cover unexpected expenses like medical bills.
Finance & Banking,What is inflation?,"Inflation refers to the rise in prices over time, decreasing the value of money."
Finance & Banking,What is a credit score?,A credit score measures a person's creditworthiness based on past payments.
Finance & Banking,How does compound interest work?,Compound interest is calculated on both the principal and previously earned interest.
Finance & Banking,What is cryptocurrency?,Cryptocurrency is a digital asset secured by cryptographic methods.
Finance & Banking,What are the benefits of an emergency fund?,An emergency fund helps cover unexpected expenses like medical bills.
Finance & Banking,What is inflation?,"Inflation refers to the rise in prices over time, decreasing the value of money."
